{
  "accuracy_train": 0.7783041004282278,
  "accuracy_test": 0.7650921658986175,
  "recall_train": 0.7874112747110928,
  "recall_test": 0.7770700636942676,
  "precision_train": 0.773325651735561,
  "precision_test": 0.05738476011288805,
  "f1_train": 0.7803049019750323,
  "f1_test": 0.10687691633815155,
  "auc_train": 0.8521713171754808,
  "auc_test": 0.823930899603994,
  "confusion_matrix": [
    [
      6519,
      2004
    ],
    [
      35,
      122
    ]
  ]
}