{
  "accuracy_train": 0.776954889423359,
  "accuracy_test": 0.7661290322580645,
  "recall_train": 0.7838622631548073,
  "recall_test": 0.7770700636942676,
  "precision_train": 0.7731809634022856,
  "precision_test": 0.05762871988663203,
  "f1_train": 0.7784849764779562,
  "f1_test": 0.10729991204925242,
  "auc_train": 0.8501972666337622,
  "auc_test": 0.8254520738563542,
  "confusion_matrix": [
    [
      6528,
      1995
    ],
    [
      35,
      122
    ]
  ]
}